{"cameraMode":{"drawMode":0,"name":"Shaded","section":"Shading Mode"},"sceneLighting":true,"audioPlay":false,"sceneViewState":{"showFog":true,"showMaterialUpdate":false,"showSkybox":true,"showFlares":true,"showImageEffects":true,"showParticleSystems":true},"in2DMode":false,"pivot":{"x":1.2527799606323243,"y":14.634259223937989,"z":6.971686363220215},"rotation":{"x":0.008059191517531872,"y":0.982062578201294,"z":-0.1835886389017105,"w":0.04304095357656479},"size":11.331350326538086,"orthographic":false}